Sample Name,Parameter Value[Library Selection],organism,host organism,paired_end,F_Primer,R_Primer,read1_path,read2_path,raw_R1_suffix,raw_R2_suffix,Factor Value[Spaceflight],Factor Value[Sample Condition],Original Sample Name,groups
lane1TineA1,16S,Microbiota,Homo sapiens,True,GTGCCAGCMGCCGCGGTAA,GGACTACHVGGGTWTCTAAT,https://genelab-data.ndc.nasa.gov/geode-py/ws/studies/OSD-487/download?source=datamanager&file=GLDS-487_Amplicon_lane1TineA1_R1_raw.fastq.gz,https://genelab-data.ndc.nasa.gov/geode-py/ws/studies/OSD-487/download?source=datamanager&file=GLDS-487_Amplicon_lane1TineA1_R2_raw.fastq.gz,_R1_raw.fastq.gz,_R2_raw.fastq.gz,Not Applicable,Diabetic foot ulcers,lane1TineA1,Not Applicable & Diabetic foot ulcers
lane1TineA2,16S,Microbiota,Homo sapiens,True,GTGCCAGCMGCCGCGGTAA,GGACTACHVGGGTWTCTAAT,https://genelab-data.ndc.nasa.gov/geode-py/ws/studies/OSD-487/download?source=datamanager&file=GLDS-487_Amplicon_lane1TineA2_R1_raw.fastq.gz,https://genelab-data.ndc.nasa.gov/geode-py/ws/studies/OSD-487/download?source=datamanager&file=GLDS-487_Amplicon_lane1TineA2_R2_raw.fastq.gz,_R1_raw.fastq.gz,_R2_raw.fastq.gz,Not Applicable,Diabetic foot ulcers,lane1TineA2,Not Applicable & Diabetic foot ulcers
lane1TineA3,16S,Microbiota,Homo sapiens,True,GTGCCAGCMGCCGCGGTAA,GGACTACHVGGGTWTCTAAT,https://genelab-data.ndc.nasa.gov/geode-py/ws/studies/OSD-487/download?source=datamanager&file=GLDS-487_Amplicon_lane1TineA3_R1_raw.fastq.gz,https://genelab-data.ndc.nasa.gov/geode-py/ws/studies/OSD-487/download?source=datamanager&file=GLDS-487_Amplicon_lane1TineA3_R2_raw.fastq.gz,_R1_raw.fastq.gz,_R2_raw.fastq.gz,Not Applicable,Diabetic foot ulcers,lane1TineA3,Not Applicable & Diabetic foot ulcers
lane1TineA4,16S,Microbiota,Homo sapiens,True,GTGCCAGCMGCCGCGGTAA,GGACTACHVGGGTWTCTAAT,https://genelab-data.ndc.nasa.gov/geode-py/ws/studies/OSD-487/download?source=datamanager&file=GLDS-487_Amplicon_lane1TineA4_R1_raw.fastq.gz,https://genelab-data.ndc.nasa.gov/geode-py/ws/studies/OSD-487/download?source=datamanager&file=GLDS-487_Amplicon_lane1TineA4_R2_raw.fastq.gz,_R1_raw.fastq.gz,_R2_raw.fastq.gz,Not Applicable,Diabetic foot ulcers,lane1TineA4,Not Applicable & Diabetic foot ulcers
lane1TineA5,16S,Microbiota,Homo sapiens,True,GTGCCAGCMGCCGCGGTAA,GGACTACHVGGGTWTCTAAT,https://genelab-data.ndc.nasa.gov/geode-py/ws/studies/OSD-487/download?source=datamanager&file=GLDS-487_Amplicon_lane1TineA5_R1_raw.fastq.gz,https://genelab-data.ndc.nasa.gov/geode-py/ws/studies/OSD-487/download?source=datamanager&file=GLDS-487_Amplicon_lane1TineA5_R2_raw.fastq.gz,_R1_raw.fastq.gz,_R2_raw.fastq.gz,Not Applicable,Diabetic foot ulcers,lane1TineA5,Not Applicable & Diabetic foot ulcers
lane1TineA6,16S,Microbiota,Homo sapiens,True,GTGCCAGCMGCCGCGGTAA,GGACTACHVGGGTWTCTAAT,https://genelab-data.ndc.nasa.gov/geode-py/ws/studies/OSD-487/download?source=datamanager&file=GLDS-487_Amplicon_lane1TineA6_R1_raw.fastq.gz,https://genelab-data.ndc.nasa.gov/geode-py/ws/studies/OSD-487/download?source=datamanager&file=GLDS-487_Amplicon_lane1TineA6_R2_raw.fastq.gz,_R1_raw.fastq.gz,_R2_raw.fastq.gz,Not Applicable,Diabetic foot ulcers,lane1TineA6,Not Applicable & Diabetic foot ulcers
lane1TineA7,16S,Microbiota,Homo sapiens,True,GTGCCAGCMGCCGCGGTAA,GGACTACHVGGGTWTCTAAT,https://genelab-data.ndc.nasa.gov/geode-py/ws/studies/OSD-487/download?source=datamanager&file=GLDS-487_Amplicon_lane1TineA7_R1_raw.fastq.gz,https://genelab-data.ndc.nasa.gov/geode-py/ws/studies/OSD-487/download?source=datamanager&file=GLDS-487_Amplicon_lane1TineA7_R2_raw.fastq.gz,_R1_raw.fastq.gz,_R2_raw.fastq.gz,Not Applicable,Diabetic foot ulcers,lane1TineA7,Not Applicable & Diabetic foot ulcers
lane1TineA8,16S,Microbiota,Homo sapiens,True,GTGCCAGCMGCCGCGGTAA,GGACTACHVGGGTWTCTAAT,https://genelab-data.ndc.nasa.gov/geode-py/ws/studies/OSD-487/download?source=datamanager&file=GLDS-487_Amplicon_lane1TineA8_R1_raw.fastq.gz,https://genelab-data.ndc.nasa.gov/geode-py/ws/studies/OSD-487/download?source=datamanager&file=GLDS-487_Amplicon_lane1TineA8_R2_raw.fastq.gz,_R1_raw.fastq.gz,_R2_raw.fastq.gz,Not Applicable,Diabetic foot ulcers,lane1TineA8,Not Applicable & Diabetic foot ulcers
lane1TineA9,16S,Microbiota,Homo sapiens,True,GTGCCAGCMGCCGCGGTAA,GGACTACHVGGGTWTCTAAT,https://genelab-data.ndc.nasa.gov/geode-py/ws/studies/OSD-487/download?source=datamanager&file=GLDS-487_Amplicon_lane1TineA9_R1_raw.fastq.gz,https://genelab-data.ndc.nasa.gov/geode-py/ws/studies/OSD-487/download?source=datamanager&file=GLDS-487_Amplicon_lane1TineA9_R2_raw.fastq.gz,_R1_raw.fastq.gz,_R2_raw.fastq.gz,Not Applicable,Diabetic foot ulcers,lane1TineA9,Not Applicable & Diabetic foot ulcers
lane1TineA10,16S,Microbiota,Homo sapiens,True,GTGCCAGCMGCCGCGGTAA,GGACTACHVGGGTWTCTAAT,https://genelab-data.ndc.nasa.gov/geode-py/ws/studies/OSD-487/download?source=datamanager&file=GLDS-487_Amplicon_lane1TineA10_R1_raw.fastq.gz,https://genelab-data.ndc.nasa.gov/geode-py/ws/studies/OSD-487/download?source=datamanager&file=GLDS-487_Amplicon_lane1TineA10_R2_raw.fastq.gz,_R1_raw.fastq.gz,_R2_raw.fastq.gz,Not Applicable,Diabetic foot ulcers,lane1TineA10,Not Applicable & Diabetic foot ulcers
lane1TineA11,16S,Microbiota,Homo sapiens,True,GTGCCAGCMGCCGCGGTAA,GGACTACHVGGGTWTCTAAT,https://genelab-data.ndc.nasa.gov/geode-py/ws/studies/OSD-487/download?source=datamanager&file=GLDS-487_Amplicon_lane1TineA11_R1_raw.fastq.gz,https://genelab-data.ndc.nasa.gov/geode-py/ws/studies/OSD-487/download?source=datamanager&file=GLDS-487_Amplicon_lane1TineA11_R2_raw.fastq.gz,_R1_raw.fastq.gz,_R2_raw.fastq.gz,Not Applicable,Diabetic foot ulcers,lane1TineA11,Not Applicable & Diabetic foot ulcers
lane1TineA12,16S,Microbiota,Homo sapiens,True,GTGCCAGCMGCCGCGGTAA,GGACTACHVGGGTWTCTAAT,https://genelab-data.ndc.nasa.gov/geode-py/ws/studies/OSD-487/download?source=datamanager&file=GLDS-487_Amplicon_lane1TineA12_R1_raw.fastq.gz,https://genelab-data.ndc.nasa.gov/geode-py/ws/studies/OSD-487/download?source=datamanager&file=GLDS-487_Amplicon_lane1TineA12_R2_raw.fastq.gz,_R1_raw.fastq.gz,_R2_raw.fastq.gz,Not Applicable,Diabetic foot ulcers,lane1TineA12,Not Applicable & Diabetic foot ulcers
lane1TineB1,16S,Microbiota,Homo sapiens,True,GTGCCAGCMGCCGCGGTAA,GGACTACHVGGGTWTCTAAT,https://genelab-data.ndc.nasa.gov/geode-py/ws/studies/OSD-487/download?source=datamanager&file=GLDS-487_Amplicon_lane1TineB1_R1_raw.fastq.gz,https://genelab-data.ndc.nasa.gov/geode-py/ws/studies/OSD-487/download?source=datamanager&file=GLDS-487_Amplicon_lane1TineB1_R2_raw.fastq.gz,_R1_raw.fastq.gz,_R2_raw.fastq.gz,Not Applicable,Diabetic foot ulcers,lane1TineB1,Not Applicable & Diabetic foot ulcers
lane1TineB2,16S,Microbiota,Homo sapiens,True,GTGCCAGCMGCCGCGGTAA,GGACTACHVGGGTWTCTAAT,https://genelab-data.ndc.nasa.gov/geode-py/ws/studies/OSD-487/download?source=datamanager&file=GLDS-487_Amplicon_lane1TineB2_R1_raw.fastq.gz,https://genelab-data.ndc.nasa.gov/geode-py/ws/studies/OSD-487/download?source=datamanager&file=GLDS-487_Amplicon_lane1TineB2_R2_raw.fastq.gz,_R1_raw.fastq.gz,_R2_raw.fastq.gz,Not Applicable,Diabetic foot ulcers,lane1TineB2,Not Applicable & Diabetic foot ulcers
lane1TineB3,16S,Microbiota,Homo sapiens,True,GTGCCAGCMGCCGCGGTAA,GGACTACHVGGGTWTCTAAT,https://genelab-data.ndc.nasa.gov/geode-py/ws/studies/OSD-487/download?source=datamanager&file=GLDS-487_Amplicon_lane1TineB3_R1_raw.fastq.gz,https://genelab-data.ndc.nasa.gov/geode-py/ws/studies/OSD-487/download?source=datamanager&file=GLDS-487_Amplicon_lane1TineB3_R2_raw.fastq.gz,_R1_raw.fastq.gz,_R2_raw.fastq.gz,Not Applicable,Diabetic foot ulcers,lane1TineB3,Not Applicable & Diabetic foot ulcers
lane1TineB4,16S,Microbiota,Homo sapiens,True,GTGCCAGCMGCCGCGGTAA,GGACTACHVGGGTWTCTAAT,https://genelab-data.ndc.nasa.gov/geode-py/ws/studies/OSD-487/download?source=datamanager&file=GLDS-487_Amplicon_lane1TineB4_R1_raw.fastq.gz,https://genelab-data.ndc.nasa.gov/geode-py/ws/studies/OSD-487/download?source=datamanager&file=GLDS-487_Amplicon_lane1TineB4_R2_raw.fastq.gz,_R1_raw.fastq.gz,_R2_raw.fastq.gz,Not Applicable,contralateral heathy foot,lane1TineB4,Not Applicable & contralateral heathy foot
lane1TineB5,16S,Microbiota,Homo sapiens,True,GTGCCAGCMGCCGCGGTAA,GGACTACHVGGGTWTCTAAT,https://genelab-data.ndc.nasa.gov/geode-py/ws/studies/OSD-487/download?source=datamanager&file=GLDS-487_Amplicon_lane1TineB5_R1_raw.fastq.gz,https://genelab-data.ndc.nasa.gov/geode-py/ws/studies/OSD-487/download?source=datamanager&file=GLDS-487_Amplicon_lane1TineB5_R2_raw.fastq.gz,_R1_raw.fastq.gz,_R2_raw.fastq.gz,Not Applicable,contralateral heathy foot,lane1TineB5,Not Applicable & contralateral heathy foot
lane1TineB6,16S,Microbiota,Homo sapiens,True,GTGCCAGCMGCCGCGGTAA,GGACTACHVGGGTWTCTAAT,https://genelab-data.ndc.nasa.gov/geode-py/ws/studies/OSD-487/download?source=datamanager&file=GLDS-487_Amplicon_lane1TineB6_R1_raw.fastq.gz,https://genelab-data.ndc.nasa.gov/geode-py/ws/studies/OSD-487/download?source=datamanager&file=GLDS-487_Amplicon_lane1TineB6_R2_raw.fastq.gz,_R1_raw.fastq.gz,_R2_raw.fastq.gz,Not Applicable,contralateral heathy foot,lane1TineB6,Not Applicable & contralateral heathy foot
lane1TineB7,16S,Microbiota,Homo sapiens,True,GTGCCAGCMGCCGCGGTAA,GGACTACHVGGGTWTCTAAT,https://genelab-data.ndc.nasa.gov/geode-py/ws/studies/OSD-487/download?source=datamanager&file=GLDS-487_Amplicon_lane1TineB7_R1_raw.fastq.gz,https://genelab-data.ndc.nasa.gov/geode-py/ws/studies/OSD-487/download?source=datamanager&file=GLDS-487_Amplicon_lane1TineB7_R2_raw.fastq.gz,_R1_raw.fastq.gz,_R2_raw.fastq.gz,Not Applicable,contralateral heathy foot,lane1TineB7,Not Applicable & contralateral heathy foot
lane1TineB8,16S,Microbiota,Homo sapiens,True,GTGCCAGCMGCCGCGGTAA,GGACTACHVGGGTWTCTAAT,https://genelab-data.ndc.nasa.gov/geode-py/ws/studies/OSD-487/download?source=datamanager&file=GLDS-487_Amplicon_lane1TineB8_R1_raw.fastq.gz,https://genelab-data.ndc.nasa.gov/geode-py/ws/studies/OSD-487/download?source=datamanager&file=GLDS-487_Amplicon_lane1TineB8_R2_raw.fastq.gz,_R1_raw.fastq.gz,_R2_raw.fastq.gz,Not Applicable,contralateral heathy foot,lane1TineB8,Not Applicable & contralateral heathy foot
lane1TineB9,16S,Microbiota,Homo sapiens,True,GTGCCAGCMGCCGCGGTAA,GGACTACHVGGGTWTCTAAT,https://genelab-data.ndc.nasa.gov/geode-py/ws/studies/OSD-487/download?source=datamanager&file=GLDS-487_Amplicon_lane1TineB9_R1_raw.fastq.gz,https://genelab-data.ndc.nasa.gov/geode-py/ws/studies/OSD-487/download?source=datamanager&file=GLDS-487_Amplicon_lane1TineB9_R2_raw.fastq.gz,_R1_raw.fastq.gz,_R2_raw.fastq.gz,Not Applicable,contralateral heathy foot,lane1TineB9,Not Applicable & contralateral heathy foot
lane1TineB10,16S,Microbiota,Homo sapiens,True,GTGCCAGCMGCCGCGGTAA,GGACTACHVGGGTWTCTAAT,https://genelab-data.ndc.nasa.gov/geode-py/ws/studies/OSD-487/download?source=datamanager&file=GLDS-487_Amplicon_lane1TineB10_R1_raw.fastq.gz,https://genelab-data.ndc.nasa.gov/geode-py/ws/studies/OSD-487/download?source=datamanager&file=GLDS-487_Amplicon_lane1TineB10_R2_raw.fastq.gz,_R1_raw.fastq.gz,_R2_raw.fastq.gz,Not Applicable,contralateral heathy foot,lane1TineB10,Not Applicable & contralateral heathy foot
lane1TineB11,16S,Microbiota,Homo sapiens,True,GTGCCAGCMGCCGCGGTAA,GGACTACHVGGGTWTCTAAT,https://genelab-data.ndc.nasa.gov/geode-py/ws/studies/OSD-487/download?source=datamanager&file=GLDS-487_Amplicon_lane1TineB11_R1_raw.fastq.gz,https://genelab-data.ndc.nasa.gov/geode-py/ws/studies/OSD-487/download?source=datamanager&file=GLDS-487_Amplicon_lane1TineB11_R2_raw.fastq.gz,_R1_raw.fastq.gz,_R2_raw.fastq.gz,Not Applicable,contralateral heathy foot,lane1TineB11,Not Applicable & contralateral heathy foot
lane1TineB12,16S,Microbiota,Homo sapiens,True,GTGCCAGCMGCCGCGGTAA,GGACTACHVGGGTWTCTAAT,https://genelab-data.ndc.nasa.gov/geode-py/ws/studies/OSD-487/download?source=datamanager&file=GLDS-487_Amplicon_lane1TineB12_R1_raw.fastq.gz,https://genelab-data.ndc.nasa.gov/geode-py/ws/studies/OSD-487/download?source=datamanager&file=GLDS-487_Amplicon_lane1TineB12_R2_raw.fastq.gz,_R1_raw.fastq.gz,_R2_raw.fastq.gz,Not Applicable,contralateral heathy foot,lane1TineB12,Not Applicable & contralateral heathy foot
lane1TineC1,16S,Microbiota,Homo sapiens,True,GTGCCAGCMGCCGCGGTAA,GGACTACHVGGGTWTCTAAT,https://genelab-data.ndc.nasa.gov/geode-py/ws/studies/OSD-487/download?source=datamanager&file=GLDS-487_Amplicon_lane1TineC1_R1_raw.fastq.gz,https://genelab-data.ndc.nasa.gov/geode-py/ws/studies/OSD-487/download?source=datamanager&file=GLDS-487_Amplicon_lane1TineC1_R2_raw.fastq.gz,_R1_raw.fastq.gz,_R2_raw.fastq.gz,Not Applicable,contralateral heathy foot,lane1TineC1,Not Applicable & contralateral heathy foot
lane1TineC2,16S,Microbiota,Homo sapiens,True,GTGCCAGCMGCCGCGGTAA,GGACTACHVGGGTWTCTAAT,https://genelab-data.ndc.nasa.gov/geode-py/ws/studies/OSD-487/download?source=datamanager&file=GLDS-487_Amplicon_lane1TineC2_R1_raw.fastq.gz,https://genelab-data.ndc.nasa.gov/geode-py/ws/studies/OSD-487/download?source=datamanager&file=GLDS-487_Amplicon_lane1TineC2_R2_raw.fastq.gz,_R1_raw.fastq.gz,_R2_raw.fastq.gz,Not Applicable,contralateral heathy foot,lane1TineC2,Not Applicable & contralateral heathy foot
lane1TineC3,16S,Microbiota,Homo sapiens,True,GTGCCAGCMGCCGCGGTAA,GGACTACHVGGGTWTCTAAT,https://genelab-data.ndc.nasa.gov/geode-py/ws/studies/OSD-487/download?source=datamanager&file=GLDS-487_Amplicon_lane1TineC3_R1_raw.fastq.gz,https://genelab-data.ndc.nasa.gov/geode-py/ws/studies/OSD-487/download?source=datamanager&file=GLDS-487_Amplicon_lane1TineC3_R2_raw.fastq.gz,_R1_raw.fastq.gz,_R2_raw.fastq.gz,Not Applicable,contralateral heathy foot,lane1TineC3,Not Applicable & contralateral heathy foot
lane1TineC4,16S,Microbiota,Homo sapiens,True,GTGCCAGCMGCCGCGGTAA,GGACTACHVGGGTWTCTAAT,https://genelab-data.ndc.nasa.gov/geode-py/ws/studies/OSD-487/download?source=datamanager&file=GLDS-487_Amplicon_lane1TineC4_R1_raw.fastq.gz,https://genelab-data.ndc.nasa.gov/geode-py/ws/studies/OSD-487/download?source=datamanager&file=GLDS-487_Amplicon_lane1TineC4_R2_raw.fastq.gz,_R1_raw.fastq.gz,_R2_raw.fastq.gz,Space Flight,Diabetic foot ulcers,lane1TineC4,Space Flight & Diabetic foot ulcers
lane1TineC5,16S,Microbiota,Homo sapiens,True,GTGCCAGCMGCCGCGGTAA,GGACTACHVGGGTWTCTAAT,https://genelab-data.ndc.nasa.gov/geode-py/ws/studies/OSD-487/download?source=datamanager&file=GLDS-487_Amplicon_lane1TineC5_R1_raw.fastq.gz,https://genelab-data.ndc.nasa.gov/geode-py/ws/studies/OSD-487/download?source=datamanager&file=GLDS-487_Amplicon_lane1TineC5_R2_raw.fastq.gz,_R1_raw.fastq.gz,_R2_raw.fastq.gz,Space Flight,Diabetic foot ulcers,lane1TineC5,Space Flight & Diabetic foot ulcers
lane1TineC6,16S,Microbiota,Homo sapiens,True,GTGCCAGCMGCCGCGGTAA,GGACTACHVGGGTWTCTAAT,https://genelab-data.ndc.nasa.gov/geode-py/ws/studies/OSD-487/download?source=datamanager&file=GLDS-487_Amplicon_lane1TineC6_R1_raw.fastq.gz,https://genelab-data.ndc.nasa.gov/geode-py/ws/studies/OSD-487/download?source=datamanager&file=GLDS-487_Amplicon_lane1TineC6_R2_raw.fastq.gz,_R1_raw.fastq.gz,_R2_raw.fastq.gz,Space Flight,Diabetic foot ulcers,lane1TineC6,Space Flight & Diabetic foot ulcers
lane1TineC7,16S,Microbiota,Homo sapiens,True,GTGCCAGCMGCCGCGGTAA,GGACTACHVGGGTWTCTAAT,https://genelab-data.ndc.nasa.gov/geode-py/ws/studies/OSD-487/download?source=datamanager&file=GLDS-487_Amplicon_lane1TineC7_R1_raw.fastq.gz,https://genelab-data.ndc.nasa.gov/geode-py/ws/studies/OSD-487/download?source=datamanager&file=GLDS-487_Amplicon_lane1TineC7_R2_raw.fastq.gz,_R1_raw.fastq.gz,_R2_raw.fastq.gz,Space Flight,Diabetic foot ulcers,lane1TineC7,Space Flight & Diabetic foot ulcers
lane1TineC8,16S,Microbiota,Homo sapiens,True,GTGCCAGCMGCCGCGGTAA,GGACTACHVGGGTWTCTAAT,https://genelab-data.ndc.nasa.gov/geode-py/ws/studies/OSD-487/download?source=datamanager&file=GLDS-487_Amplicon_lane1TineC8_R1_raw.fastq.gz,https://genelab-data.ndc.nasa.gov/geode-py/ws/studies/OSD-487/download?source=datamanager&file=GLDS-487_Amplicon_lane1TineC8_R2_raw.fastq.gz,_R1_raw.fastq.gz,_R2_raw.fastq.gz,Space Flight,Diabetic foot ulcers,lane1TineC8,Space Flight & Diabetic foot ulcers
lane1TineC9,16S,Microbiota,Homo sapiens,True,GTGCCAGCMGCCGCGGTAA,GGACTACHVGGGTWTCTAAT,https://genelab-data.ndc.nasa.gov/geode-py/ws/studies/OSD-487/download?source=datamanager&file=GLDS-487_Amplicon_lane1TineC9_R1_raw.fastq.gz,https://genelab-data.ndc.nasa.gov/geode-py/ws/studies/OSD-487/download?source=datamanager&file=GLDS-487_Amplicon_lane1TineC9_R2_raw.fastq.gz,_R1_raw.fastq.gz,_R2_raw.fastq.gz,Space Flight,Diabetic foot ulcers,lane1TineC9,Space Flight & Diabetic foot ulcers
lane1TineC10,16S,Microbiota,Homo sapiens,True,GTGCCAGCMGCCGCGGTAA,GGACTACHVGGGTWTCTAAT,https://genelab-data.ndc.nasa.gov/geode-py/ws/studies/OSD-487/download?source=datamanager&file=GLDS-487_Amplicon_lane1TineC10_R1_raw.fastq.gz,https://genelab-data.ndc.nasa.gov/geode-py/ws/studies/OSD-487/download?source=datamanager&file=GLDS-487_Amplicon_lane1TineC10_R2_raw.fastq.gz,_R1_raw.fastq.gz,_R2_raw.fastq.gz,Ground Control,Diabetic foot ulcers,lane1TineC10,Ground Control & Diabetic foot ulcers
lane1TineC11,16S,Microbiota,Homo sapiens,True,GTGCCAGCMGCCGCGGTAA,GGACTACHVGGGTWTCTAAT,https://genelab-data.ndc.nasa.gov/geode-py/ws/studies/OSD-487/download?source=datamanager&file=GLDS-487_Amplicon_lane1TineC11_R1_raw.fastq.gz,https://genelab-data.ndc.nasa.gov/geode-py/ws/studies/OSD-487/download?source=datamanager&file=GLDS-487_Amplicon_lane1TineC11_R2_raw.fastq.gz,_R1_raw.fastq.gz,_R2_raw.fastq.gz,Ground Control,Diabetic foot ulcers,lane1TineC11,Ground Control & Diabetic foot ulcers
lane1TineC12,16S,Microbiota,Homo sapiens,True,GTGCCAGCMGCCGCGGTAA,GGACTACHVGGGTWTCTAAT,https://genelab-data.ndc.nasa.gov/geode-py/ws/studies/OSD-487/download?source=datamanager&file=GLDS-487_Amplicon_lane1TineC12_R1_raw.fastq.gz,https://genelab-data.ndc.nasa.gov/geode-py/ws/studies/OSD-487/download?source=datamanager&file=GLDS-487_Amplicon_lane1TineC12_R2_raw.fastq.gz,_R1_raw.fastq.gz,_R2_raw.fastq.gz,Ground Control,Diabetic foot ulcers,lane1TineC12,Ground Control & Diabetic foot ulcers
lane1TineD1,16S,Microbiota,Homo sapiens,True,GTGCCAGCMGCCGCGGTAA,GGACTACHVGGGTWTCTAAT,https://genelab-data.ndc.nasa.gov/geode-py/ws/studies/OSD-487/download?source=datamanager&file=GLDS-487_Amplicon_lane1TineD1_R1_raw.fastq.gz,https://genelab-data.ndc.nasa.gov/geode-py/ws/studies/OSD-487/download?source=datamanager&file=GLDS-487_Amplicon_lane1TineD1_R2_raw.fastq.gz,_R1_raw.fastq.gz,_R2_raw.fastq.gz,Ground Control,Diabetic foot ulcers,lane1TineD1,Ground Control & Diabetic foot ulcers
lane1TineD2,16S,Microbiota,Homo sapiens,True,GTGCCAGCMGCCGCGGTAA,GGACTACHVGGGTWTCTAAT,https://genelab-data.ndc.nasa.gov/geode-py/ws/studies/OSD-487/download?source=datamanager&file=GLDS-487_Amplicon_lane1TineD2_R1_raw.fastq.gz,https://genelab-data.ndc.nasa.gov/geode-py/ws/studies/OSD-487/download?source=datamanager&file=GLDS-487_Amplicon_lane1TineD2_R2_raw.fastq.gz,_R1_raw.fastq.gz,_R2_raw.fastq.gz,Ground Control,Diabetic foot ulcers,lane1TineD2,Ground Control & Diabetic foot ulcers
lane1TineD3,16S,Microbiota,Homo sapiens,True,GTGCCAGCMGCCGCGGTAA,GGACTACHVGGGTWTCTAAT,https://genelab-data.ndc.nasa.gov/geode-py/ws/studies/OSD-487/download?source=datamanager&file=GLDS-487_Amplicon_lane1TineD3_R1_raw.fastq.gz,https://genelab-data.ndc.nasa.gov/geode-py/ws/studies/OSD-487/download?source=datamanager&file=GLDS-487_Amplicon_lane1TineD3_R2_raw.fastq.gz,_R1_raw.fastq.gz,_R2_raw.fastq.gz,Ground Control,Diabetic foot ulcers,lane1TineD3,Ground Control & Diabetic foot ulcers
lane1TineD4,16S,Microbiota,Not Applicable,True,GTGCCAGCMGCCGCGGTAA,GGACTACHVGGGTWTCTAAT,https://genelab-data.ndc.nasa.gov/geode-py/ws/studies/OSD-487/download?source=datamanager&file=GLDS-487_Amplicon_lane1TineD4_R1_raw.fastq.gz,https://genelab-data.ndc.nasa.gov/geode-py/ws/studies/OSD-487/download?source=datamanager&file=GLDS-487_Amplicon_lane1TineD4_R2_raw.fastq.gz,_R1_raw.fastq.gz,_R2_raw.fastq.gz,Not Applicable,Negative Control,lane1TineD4,Not Applicable & Negative Control
lane1TineD5,16S,Microbiota,Not Applicable,True,GTGCCAGCMGCCGCGGTAA,GGACTACHVGGGTWTCTAAT,https://genelab-data.ndc.nasa.gov/geode-py/ws/studies/OSD-487/download?source=datamanager&file=GLDS-487_Amplicon_lane1TineD5_R1_raw.fastq.gz,https://genelab-data.ndc.nasa.gov/geode-py/ws/studies/OSD-487/download?source=datamanager&file=GLDS-487_Amplicon_lane1TineD5_R2_raw.fastq.gz,_R1_raw.fastq.gz,_R2_raw.fastq.gz,Not Applicable,Negative Control,lane1TineD5,Not Applicable & Negative Control
lane1TineD6,16S,Microbiota,Not Applicable,True,GTGCCAGCMGCCGCGGTAA,GGACTACHVGGGTWTCTAAT,https://genelab-data.ndc.nasa.gov/geode-py/ws/studies/OSD-487/download?source=datamanager&file=GLDS-487_Amplicon_lane1TineD6_R1_raw.fastq.gz,https://genelab-data.ndc.nasa.gov/geode-py/ws/studies/OSD-487/download?source=datamanager&file=GLDS-487_Amplicon_lane1TineD6_R2_raw.fastq.gz,_R1_raw.fastq.gz,_R2_raw.fastq.gz,Not Applicable,Negative Control,lane1TineD6,Not Applicable & Negative Control
